,cbench-automotive-bitcount:number-0001:,cbench-automotive-qsort1:cdataset-qsort-0001:,cbench-automotive-susan:image-pgm-0001:corners,cbench-automotive-susan:image-pgm-0001:edges,cbench-automotive-susan:image-pgm-0001:smoothing,cbench-consumer-jpeg-c:image-ppm-0001:,cbench-consumer-jpeg-d:image-jpeg-0001:,cbench-consumer-tiff2bw:image-tiff-0001:,cbench-consumer-tiff2dither:image-tiff-0001-bw:,cbench-consumer-tiff2rgba:image-tiff-0001:,cbench-network-dijkstra:cdataset-dijkstra-0001:,cbench-network-patricia:cdataset-patricia-0001:,cbench-telecom-adpcm-c:pcm-0001:,cbench-telecom-adpcm-d:adpcm-0001:,cbench-telecom-crc32:pcm-0001:,cbench-telecom-gsm:au-0001:
Default,1.0,1.0,1.0,1.0,1.0,1.0,1.0,1.0,1.0,1.0,1.0,1.0,1.0,1.0,1.0,1.0
Train,0.9279715796623951,0.9410670076343225,0.9482280606452972,0.9157614530420619,0.9228110269169509,0.9074817049524908,0.9177930485264839,0.938485579359801,0.8781519452792442,0.9598984824824658,1.0024524357668352,0.9283312148200176,1.003282884491998,0.9249442350783995,0.9248565801888362,0.9239705582866677
Fourier,0.8106893982683622,0.8267158062043927,0.7489449605322835,0.8447386587491728,0.7782004853355495,0.8424068789739944,0.7967043930499231,0.7849508013677126,0.8056270621254915,0.9358141104355926,0.9282522581575119,0.8593191905640997,0.8443639584114662,0.7748357619383558,0.7952350533520618,0.788639570945587
Optimal,0.8048734044248715,0.8224864257918073,0.7483424646431729,0.7957890266536708,0.7605250120190014,0.8141385824185986,0.7593036330299959,0.7814215781472401,0.7657781927893871,0.8629123056665877,0.9224426076554981,0.8593191905640997,0.8249453559345735,0.7655762739607123,0.76791555591939,0.7721405760787439
