,cbench-automotive-bitcount:number-0001:,cbench-automotive-qsort1:cdataset-qsort-0001:,cbench-automotive-susan:image-pgm-0001:corners,cbench-automotive-susan:image-pgm-0001:edges,cbench-automotive-susan:image-pgm-0001:smoothing,cbench-consumer-jpeg-c:image-ppm-0001:,cbench-consumer-jpeg-d:image-jpeg-0001:,cbench-consumer-tiff2bw:image-tiff-0001:,cbench-consumer-tiff2dither:image-tiff-0001-bw:,cbench-consumer-tiff2rgba:image-tiff-0001:,cbench-network-dijkstra:cdataset-dijkstra-0001:,cbench-network-patricia:cdataset-patricia-0001:,cbench-telecom-adpcm-c:pcm-0001:,cbench-telecom-adpcm-d:adpcm-0001:,cbench-telecom-crc32:pcm-0001:,cbench-telecom-gsm:au-0001:
Default,1.0,1.0,1.0,1.0,1.0,1.0,1.0,1.0,1.0,1.0,1.0,1.0,1.0,1.0,1.0,1.0
Train,0.9279715796623951,0.9410670076343225,0.9482280606452972,0.9157614530420619,0.9228110269169509,0.9074817049524908,0.9177930485264839,0.938485579359801,0.8781519452792442,0.9598984824824658,1.0024524357668352,0.9283312148200176,0.9980167545585014,0.8872573946463037,0.9248565801888362,0.9239705582866677
Fourier,0.818733516582143,0.8267158062043927,0.7489449605322835,0.8153349108489699,0.775532685550829,0.83001598856584,0.7694800249837299,0.8010735097312787,0.782283633697792,0.8930460705417244,0.9341550416867197,0.861644178115614,0.8735010372502842,0.7657846244495626,0.8011293685019625,0.7743455702475254
Optimal,0.8048734044248715,0.8224864257918073,0.7483424646431729,0.7957890266536708,0.7605250120190014,0.8141385824185986,0.7593036330299959,0.7814215781472401,0.7657781927893871,0.8629123056665877,0.9224426076554981,0.8593191905640997,0.8249453559345735,0.7655762739607123,0.76791555591939,0.7721405760787439
