,cbench-automotive-bitcount:number-0001:,cbench-automotive-qsort1:cdataset-qsort-0001:,cbench-automotive-susan:image-pgm-0001:corners,cbench-automotive-susan:image-pgm-0001:edges,cbench-automotive-susan:image-pgm-0001:smoothing,cbench-consumer-jpeg-c:image-ppm-0001:,cbench-consumer-jpeg-d:image-jpeg-0001:,cbench-consumer-tiff2bw:image-tiff-0001:,cbench-consumer-tiff2dither:image-tiff-0001-bw:,cbench-consumer-tiff2rgba:image-tiff-0001:,cbench-network-dijkstra:cdataset-dijkstra-0001:,cbench-network-patricia:cdataset-patricia-0001:,cbench-telecom-adpcm-c:pcm-0001:,cbench-telecom-adpcm-d:adpcm-0001:,cbench-telecom-crc32:pcm-0001:,cbench-telecom-gsm:au-0001:
Default,1.0,1.0,1.0,1.0,1.0,1.0,1.0,1.0,1.0,1.0,1.0,1.0,1.0,1.0,1.0,1.0
Train,0.9402398135905546,0.9790352895773389,0.9307062074777858,0.9787842389356259,0.9174894920756289,0.942463264539195,0.9422698011316154,0.946218340369255,0.9179091040725403,0.8964317199963405,0.964135518583813,0.9537466911430568,1.0220640660671478,0.9368017905797521,0.9113058882637486,0.9362772104635578
Fourier,0.8753775727968542,0.8222797263690027,0.8493984768654179,0.8893567226648447,0.8604931962263833,0.8773952802409613,0.9219971462827725,0.8656939013997071,0.8195068674347936,0.7851190616962572,0.8858854536484736,0.8636041427001576,0.9807249537192038,0.8463664617473112,0.7221188654823311,0.7524692016449214
Optimal,0.8608276291381941,0.7974028435409788,0.7380493910354767,0.8385201845612307,0.7762556677430206,0.7772477152934149,0.827340216945025,0.7952770597990279,0.7125796304719023,0.7802833512130177,0.8511161604384281,0.7951994088280836,0.8616705359549097,0.8088982616406953,0.6965517904331926,0.7448742025454663
