,cbench-automotive-bitcount:number-0001:,cbench-automotive-qsort1:cdataset-qsort-0001:,cbench-automotive-susan:image-pgm-0001:corners,cbench-automotive-susan:image-pgm-0001:edges,cbench-automotive-susan:image-pgm-0001:smoothing,cbench-consumer-jpeg-c:image-ppm-0001:,cbench-consumer-jpeg-d:image-jpeg-0001:,cbench-consumer-tiff2bw:image-tiff-0001:,cbench-consumer-tiff2dither:image-tiff-0001-bw:,cbench-consumer-tiff2rgba:image-tiff-0001:,cbench-network-dijkstra:cdataset-dijkstra-0001:,cbench-network-patricia:cdataset-patricia-0001:,cbench-telecom-adpcm-c:pcm-0001:,cbench-telecom-adpcm-d:adpcm-0001:,cbench-telecom-crc32:pcm-0001:,cbench-telecom-gsm:au-0001:
Default,1.0,1.0,1.0,1.0,1.0,1.0,1.0,1.0,1.0,1.0,1.0,1.0,1.0,1.0,1.0,1.0
Train,0.963615163721048,1.0118415173950523,0.9683675766639156,0.9951158281673151,0.9413993588680537,0.9845343879904424,0.9546620266590089,0.945062248329786,0.9189339446289677,0.9393144982497414,0.9793772992225009,0.9761321502634713,0.9634886514965162,0.8761288066051339,0.9085401242546974,0.9218958146942126
Fourier,1.0151964791277646,0.9328136022108507,0.945065857339752,0.9001279869777091,0.9764314978295126,0.9800642238978806,0.8881293688372758,0.8211582257328219,0.8802903567945538,0.9711080108074428,0.9493657956391532,0.9462053065439682,0.9510400329376858,0.8373639944016618,0.9188558724379395,0.8357975425902894
Optimal,0.7509492887992522,0.8978426496228034,0.8075867304375806,0.7160021235131016,0.7934012020782362,0.8146235063373266,0.8233485668206411,0.6997696478860903,0.8012622658412545,0.6933932465368389,0.8364710941293059,0.8564050172061671,0.8460411387328135,0.6920366070619987,0.7859488050189514,0.7249692673865509
