,cbench-automotive-bitcount:number-0001:,cbench-automotive-qsort1:cdataset-qsort-0001:,cbench-automotive-susan:image-pgm-0001:corners,cbench-automotive-susan:image-pgm-0001:edges,cbench-automotive-susan:image-pgm-0001:smoothing,cbench-consumer-jpeg-c:image-ppm-0001:,cbench-consumer-jpeg-d:image-jpeg-0001:,cbench-consumer-tiff2bw:image-tiff-0001:,cbench-consumer-tiff2dither:image-tiff-0001-bw:,cbench-consumer-tiff2rgba:image-tiff-0001:,cbench-network-dijkstra:cdataset-dijkstra-0001:,cbench-network-patricia:cdataset-patricia-0001:,cbench-telecom-adpcm-c:pcm-0001:,cbench-telecom-adpcm-d:adpcm-0001:,cbench-telecom-crc32:pcm-0001:,cbench-telecom-gsm:au-0001:
Default,1.0,1.0,1.0,1.0,1.0,1.0,1.0,1.0,1.0,1.0,1.0,1.0,1.0,1.0,1.0,1.0
Train,0.9658371296334823,0.9650839609875961,0.9191691723432047,0.9505799149001052,0.9101841053774108,0.9046059620302566,1.0094289842832547,0.9881414079535401,0.9529758838542227,0.9691223424724618,1.0053316803258803,0.9786486070946067,1.0125780640252189,0.9387136513401924,0.8790333671307723,0.922549167387544
Fourier,0.8511628930403756,0.9424271137466812,0.8400746668835443,0.9479970279258652,0.942657740252374,0.9936983802001066,0.9553486455395025,0.9417005943372979,0.9634228881300834,0.8847155774514684,0.9353505407397293,0.9283991123903588,0.9888919829319478,0.8195423413221615,0.7337203298242138,0.8795830100033728
Optimal,0.8252368368298921,0.849600514880028,0.7499548001768997,0.8512381749359027,0.8265307256209481,0.7637401282554758,0.8747803143302904,0.8733952486946283,0.7965953761625919,0.8082392937582648,0.9153604757354183,0.9084194894030952,0.8974308999701059,0.6864769453972397,0.695309024197046,0.8072976346143161
