,cbench-automotive-bitcount:number-0001:,cbench-automotive-qsort1:cdataset-qsort-0001:,cbench-automotive-susan:image-pgm-0001:corners,cbench-automotive-susan:image-pgm-0001:edges,cbench-automotive-susan:image-pgm-0001:smoothing,cbench-consumer-jpeg-c:image-ppm-0001:,cbench-consumer-jpeg-d:image-jpeg-0001:,cbench-consumer-tiff2bw:image-tiff-0001:,cbench-consumer-tiff2dither:image-tiff-0001-bw:,cbench-consumer-tiff2rgba:image-tiff-0001:,cbench-network-dijkstra:cdataset-dijkstra-0001:,cbench-network-patricia:cdataset-patricia-0001:,cbench-telecom-adpcm-c:pcm-0001:,cbench-telecom-adpcm-d:adpcm-0001:,cbench-telecom-crc32:pcm-0001:,cbench-telecom-gsm:au-0001:
Default,1.0,1.0,1.0,1.0,1.0,1.0,1.0,1.0,1.0,1.0,1.0,1.0,1.0,1.0,1.0,1.0
Train,0.9420092677034763,0.982436019366067,0.9277552612841512,0.9869437355197873,0.9205336492777816,0.9526249934160543,0.9460587512180133,0.9623752462573572,0.9284294201219163,0.9010542903941905,0.9736604771226308,0.9623127838970448,1.0243852694553122,0.9676903205621429,0.9008067706759547,0.9385898389407937
Fourier,0.886096920444325,0.9472371995346827,0.8505126188937868,0.9364766280868314,0.8467508563240828,0.9014394915343703,0.910238685540101,0.9138451437870629,0.8863589203656179,0.8746467254327386,0.9514751430503409,0.9372648251472391,0.9692454655880153,0.8943900408088286,0.8401368235722355,0.8902516800453351
Optimal,0.8608276291381941,0.7974028435409788,0.7380493910354767,0.8385201845612307,0.7762556677430206,0.7772477152934149,0.827340216945025,0.7952770597990279,0.7125796304719023,0.7802833512130177,0.8511161604384281,0.7951994088280836,0.8616705359549097,0.8088982616406953,0.6965517904331926,0.7448742025454663
