,cbench-automotive-bitcount:number-0001:,cbench-automotive-qsort1:cdataset-qsort-0001:,cbench-automotive-susan:image-pgm-0001:corners,cbench-automotive-susan:image-pgm-0001:edges,cbench-automotive-susan:image-pgm-0001:smoothing,cbench-consumer-jpeg-c:image-ppm-0001:,cbench-consumer-jpeg-d:image-jpeg-0001:,cbench-consumer-tiff2bw:image-tiff-0001:,cbench-consumer-tiff2dither:image-tiff-0001-bw:,cbench-consumer-tiff2rgba:image-tiff-0001:,cbench-network-dijkstra:cdataset-dijkstra-0001:,cbench-network-patricia:cdataset-patricia-0001:,cbench-telecom-adpcm-c:pcm-0001:,cbench-telecom-adpcm-d:adpcm-0001:,cbench-telecom-crc32:pcm-0001:,cbench-telecom-gsm:au-0001:
Default,1.0,1.0,1.0,1.0,1.0,1.0,1.0,1.0,1.0,1.0,1.0,1.0,1.0,1.0,1.0,1.0
Train,0.9586080466010284,0.9430055896655394,0.9411329745281646,0.9229628266024619,0.866322299349655,0.8750808652605698,0.9463640011575946,0.8718275119514239,0.9096178711419038,0.9772406709246991,0.9076931812990114,0.9901223282738119,0.903105219296504,1.0059816131889474,0.9784442389536484,0.862278110510507
Fourier,0.8231579036970963,0.8584562668940315,0.799311669435385,0.8214331797963282,0.6688428101033312,0.7384141707471003,0.7591291365476441,0.6829911823176333,0.7672040737583794,0.8601347251104282,0.7545349248294144,0.9288140164628619,0.7853616617254298,0.9144763734864083,0.9166454588385897,0.6529675711854179
Optimal,0.8163620216627114,0.8423029462972151,0.7782449167081378,0.8170936162839413,0.6634977922875553,0.7197440929785868,0.7411887357229687,0.6793388496545812,0.7366287807920777,0.8594635728563004,0.7493294967872395,0.9271003765869297,0.7610602968423108,0.9120729130025674,0.9116277601320817,0.6509756662173956
